"","naMean_EOO","naMean_AOO","naZero_EOO","naZero_AOO","naNA_EOO","naNA_AOO"
"1",59045.4,260,59126,260,51846.9,252
"2",59796.3,260,56550.3,256,42945.7,248
"3",59832.2,264,60813.2,264,54129.3,256
"4",62112.1,264,56246.6,260,51032.8,252
"5",61626.9,264,63829.3,264,55530.7,256
"6",57099.3,256,55875.6,264,51909.7,256
"7",67455.2,264,62638.3,260,54007.7,252
"8",54461.9,260,60072.5,260,50539,252
"9",61408.3,260,60653.4,264,51567.3,256
"10",58292.2,256,56341.3,260,48057.1,252
"11",60599.5,260,54236.1,260,48594,252
"12",60077.1,252,56592.4,260,47978.8,252
"13",62494,260,57736.3,260,47507.4,252
"14",55225.9,256,58084.7,252,49074.8,244
"15",56775.9,260,57334.6,264,53128.5,256
"16",54249.5,260,57823.7,260,51799.1,252
"17",51209.3,264,64359.7,260,56499.4,252
"18",58917.1,260,57954.8,260,48724.8,252
"19",62322.5,260,63604.7,264,56760.4,256
"20",62859.1,260,57266.4,260,52190.2,252
"21",57773.5,260,60420.3,260,52280.6,252
"22",64835,264,51808.8,260,44699.5,252
"23",56699.1,256,58383.2,256,48011.7,248
"24",60480.8,264,62460.5,256,58460.4,248
"25",55260.5,264,60993.6,260,53864,252
"26",48004.7,252,54239.3,264,44814,256
"27",51799.1,260,51277.7,260,47426.5,252
"28",53510.7,260,54604.8,252,41628.9,244
"29",62717.9,260,60998.4,264,51181.3,256
"30",59270.4,260,57803.1,260,53902.4,252
"31",60618.3,260,59876.4,260,47408.5,252
"32",54889.2,264,57809.9,260,45038.6,252
"33",56712.2,256,60173.3,264,53659.9,256
"34",61147.3,256,63030.9,264,57001.9,256
"35",60425.2,256,58155.9,256,48889.9,248
"36",61555.4,252,56720.3,264,52059.1,256
"37",70764,260,61220.6,260,54229.1,252
"38",58788.3,264,52027.3,264,43812,256
"39",58626.6,260,57231.3,256,48781,248
"40",59601.8,260,54534.4,256,50062.2,248
"41",60314.8,264,63166.3,264,55310.9,256
"42",71167,260,60145,256,52490.4,248
"43",60363.1,256,59486,252,55919.5,244
"44",55156.9,260,52630.6,260,45410.1,252
"45",60893.1,260,64239,260,59574.5,252
"46",62716.9,260,60454.3,256,50642.9,248
"47",66227.9,264,57356.9,264,51232.8,256
"48",63565.8,260,56077.4,264,51939,256
"49",57994.6,260,65175.4,256,57930.4,248
"50",59738.3,260,64045.1,264,60691.5,256
"51",54473.6,260,55245.8,260,51497.3,252
"52",62302.8,260,58301.7,260,50756.4,252
"53",60497.2,256,54740,264,46944.2,256
"54",53463.7,260,61758.9,264,50506.6,256
"55",55631.3,260,58886.1,256,52774.7,248
"56",63197.3,260,60426.5,256,49765,248
"57",66382.9,260,62711.4,264,53209.3,256
"58",57742,256,58416.1,256,53665.1,248
"59",68037.4,264,62002.5,260,58926.7,252
"60",64648.7,264,60970.9,260,49213.9,252
"61",56745.1,256,54691.8,256,49496.4,248
"62",68383.4,260,56415,256,50110.9,248
"63",59822.5,260,49967.4,260,43433.9,252
"64",56982.2,260,54114,256,44312.3,248
"65",61793,256,62230.4,256,51240.9,248
"66",60431,260,51132.1,260,43186.2,252
"67",57287.5,260,59794.3,264,55351.2,256
"68",66374.3,256,57721.3,260,51296.2,252
"69",61050.4,260,63228.9,260,58268.1,252
"70",61953.7,264,54774.6,264,49117.6,256
"71",70241.8,256,59339.7,260,56418.4,252
"72",68021.2,260,59052,264,52649.4,256
"73",51157.4,264,59024.6,260,51203.9,252
"74",58623.8,260,59075.5,264,51379.5,256
"75",59391.9,260,61469.2,264,56032.2,256
"76",68004.9,260,61457.4,264,52221.5,256
"77",56534.5,252,54919.9,264,48916.8,256
"78",61382,264,49848.2,260,44421.4,252
"79",63162.9,264,60642.4,264,52535.7,256
"80",53457.6,260,62776.6,260,54959.2,252
"81",57930.3,256,55819.4,260,42988.2,252
"82",61852.6,256,59404.1,256,54616.9,248
"83",58156.6,260,60256.7,264,57237.3,256
"84",62115.3,260,57144.2,256,50885.5,248
"85",59665.9,256,61059,260,54897.7,252
"86",64077.5,256,50087.5,264,46439.6,256
"87",62523.5,252,56930.4,260,51641,252
"88",61434.9,264,54741.4,260,48519.5,252
"89",62481.3,260,56189.4,264,52165,256
"90",62181.4,260,62827.9,264,55430.6,256
"91",63367.8,264,62145.8,260,56703.9,252
"92",63641.6,248,61084.1,260,55639.4,252
"93",56485.2,260,59652.9,256,57100.6,248
"94",54069,260,51470,260,46256.3,252
"95",64307.4,260,59117.4,264,51750.8,256
"96",58770.2,256,62165,252,56428.5,244
"97",51492.5,264,62005.1,260,55158.4,252
"98",64146.6,264,58199.4,260,48950.5,252
"99",51790.2,260,50636.8,256,44286.7,248
"100",65503.9,260,53710.3,252,49053.5,244
"101",60243.8,264,58167.9,264,52783.2,256
"102",59916.4,264,57935.5,260,51717,252
"103",59530.6,256,64778.6,264,61604.8,256
"104",63457.2,256,53183.5,260,46582.3,252
"105",49098.2,260,58956.6,256,53616.6,248
"106",56230.2,256,59596.5,264,54657.9,256
"107",63802.1,260,61528.2,264,59899.1,256
"108",60390.2,252,52027.7,264,42956.7,256
"109",52707.9,260,63337.3,256,57508.7,248
"110",52703.2,260,54679.9,260,46773.9,252
"111",59146.2,256,50330.3,260,43518,252
"112",53648,260,47763.3,256,44065,248
"113",54499.6,260,62897.3,260,54192.7,252
"114",65443.2,264,58186.4,264,52904.6,256
"115",65569.3,264,58577.8,260,50450.7,252
"116",67513.4,256,58600.4,252,49725.1,244
"117",53442,264,52612.6,260,48536.9,252
"118",64546.3,260,53970.1,256,49751.1,248
"119",59485.1,264,62907.6,260,53741,252
"120",63125.1,252,58257.3,256,53917.5,248
"121",59750,256,42895,256,36498.2,248
"122",59813.1,260,61310.5,256,53554.8,248
"123",61022.5,264,56637.5,260,45509.6,252
"124",56048.6,252,62604.1,264,58887.3,256
"125",58661,256,64075.1,256,55862.8,248
"126",59479.4,256,61207,260,55015.3,252
"127",54775.3,260,58364.7,264,43971.2,256
"128",56804.6,260,61385.2,264,49397,256
"129",64704.4,264,54514.7,260,50295.9,252
"130",55366.5,264,63163.4,260,55268.8,252
"131",58393.3,256,56849,256,54091.7,248
"132",53643.8,256,63510.7,260,56736.1,252
"133",57692.3,260,62544.9,260,58947,252
"134",52614,264,60979,252,46266.8,244
"135",57009.2,260,58485.1,260,51300.4,252
"136",65262,260,62484.1,264,60063.6,256
"137",53219.3,256,51725,264,41899.3,256
"138",63290.4,260,54507.5,264,49009.1,256
"139",50928,260,65012,260,55933.1,252
"140",60616.6,256,59856.6,260,54004.6,252
"141",57260.2,264,59946.8,264,54367.7,256
"142",60412.2,260,53928.3,248,46570,240
"143",60585.2,252,63143.8,260,55513.5,252
"144",52921,264,59086.9,260,45646.8,252
"145",53681.1,256,57470.7,256,50333.6,248
"146",57028.2,252,66311.5,264,62066.5,256
"147",61181.6,260,65312.4,260,56105.8,252
"148",60272.5,256,61475.2,260,52958.9,252
"149",64095.7,260,60324.2,256,54486.1,248
"150",51636.3,256,63481.9,260,57201.7,252
"151",57130.2,264,51519,260,44577.6,252
"152",67425.8,260,61117.9,260,52389.2,252
"153",65078.4,264,63957.8,264,60721.4,256
"154",54335.4,260,62351,260,54591,252
"155",59367.7,260,63924.8,260,53305.8,252
"156",62142.8,248,57138.5,260,49503.7,252
"157",70384,260,50823.7,260,41577.6,252
"158",63014.8,260,59724.2,256,53877.5,248
"159",69896.2,260,56750.6,264,52528.1,256
"160",58633,264,56928.1,260,45196.7,252
"161",65936.4,264,51173,260,44899.4,252
"162",58673.7,264,54754.8,260,48913.9,252
"163",55106.5,264,59262.9,264,49731.5,256
"164",58612.3,264,62785.6,260,56841.6,252
"165",59501.2,260,58913,260,48873.1,252
"166",55398,264,61951.6,260,55063,252
"167",54966.9,252,51799.9,264,44631.4,256
"168",58378.6,256,62168.8,260,55834,252
"169",59416.4,260,65710.6,260,57663.6,252
"170",51382.5,260,61446,264,54757.3,256
"171",61709,264,60993.9,260,57325.7,252
"172",59378.3,260,57657.2,260,51947.7,252
"173",57099.5,260,63317.5,260,58457.5,252
"174",65451.6,260,57529.1,260,49707,252
"175",62573.9,260,58959.8,264,52312.2,256
"176",61331.6,248,58335.3,260,51030.9,252
"177",59212,260,60851.6,256,55343.2,248
"178",58005.9,256,52954.7,252,44840.8,244
"179",59118.6,260,61783.4,260,46612.4,252
"180",57305,260,56379.8,260,50258.8,252
"181",50088.8,260,58917.7,264,54226.3,256
"182",60126.2,252,57729.4,256,48453.3,248
"183",51196.6,256,51671.3,260,47568.9,252
"184",64324.8,256,55844.5,256,47954.9,248
"185",59575.5,260,58979.2,256,50752.3,248
"186",60066.8,260,54676.4,260,52466.3,252
"187",60376.5,260,55558.3,260,48576.6,252
"188",60166.4,260,64686.7,260,58786.4,252
"189",63610.8,264,52191.8,256,43721.3,248
"190",50572.1,260,59304.3,264,45988.9,256
"191",55274.3,264,50439.9,256,42896,248
"192",64259.8,256,55285.9,264,49935.3,256
"193",59739.2,252,57580.1,260,45513,252
"194",62952.8,260,54382.8,260,50304.1,252
"195",59235.1,264,56096.5,260,47747.9,252
"196",60248.6,260,56433.7,260,52133.2,252
"197",55514.2,264,61167.8,264,51066.2,256
"198",65269.8,260,56415.8,256,53057.6,248
"199",58433.9,260,56733.5,256,44949,248
"200",58585,256,60617.8,264,48824.2,256
"201",60806.6,264,51318.7,260,46768.1,252
"202",58936.3,256,61636,256,56315.2,248
"203",56819.2,256,64501.9,256,60077.1,248
"204",62753.1,264,63186.8,264,58438.8,256
"205",55230.6,260,63825.3,264,51439.4,256
"206",60753.3,256,62490.5,256,51138.1,248
"207",60640.8,260,58397,260,54915.4,252
"208",58940.1,252,59355.2,260,51864.3,252
"209",61865.6,260,58140.8,260,46314.8,252
"210",59968.1,264,63853.4,260,58795.3,252
"211",59822.2,256,63926.8,264,60403,256
"212",58078.4,256,64999.9,264,56545,256
"213",64818,260,53719.8,256,50050.3,248
"214",55743.7,264,64231.3,260,60182.6,252
"215",57498.3,256,58356.4,252,49957.3,244
"216",64564,264,53290.7,260,45704.5,252
"217",51250.4,256,58455.5,260,47967.8,252
"218",63763.7,264,54740.1,260,50722.7,252
"219",63507.1,260,55656.4,260,46734.4,252
"220",64832.7,264,59629.7,256,52355.1,248
"221",62458.9,260,58733.8,260,49518.4,252
"222",57320.8,260,56055.8,256,46834.1,248
"223",66140.5,264,57253.2,260,49345.2,252
"224",58166.3,264,58426.8,260,47330.3,252
"225",57821.9,260,59250.4,264,55581.6,256
"226",60992.5,260,58476.2,264,50715.8,256
"227",66956.1,260,54433.1,264,48282.1,256
"228",58442.3,260,51746.3,260,38047.5,252
"229",62651.8,264,52169.7,256,43809.5,248
"230",62985.7,260,64851,260,61151.7,252
"231",55523.6,260,58924.6,252,54463.7,244
"232",59449.2,260,57148.5,260,50104.9,252
"233",60496.2,260,55422.2,260,48268.3,252
"234",59769,252,55257.1,260,46364.3,252
"235",61413.4,264,58325.2,260,53693.8,252
"236",60391.5,252,65261.4,256,61298.2,248
"237",56333.5,260,54778.4,256,50744.3,248
"238",59876,256,61642.1,260,53090.1,252
"239",64677,264,62788.8,264,60615,256
"240",57001.3,252,60411.1,260,52823.7,252
"241",61398.5,256,55034.4,260,47549,252
"242",51337.6,264,56865.7,260,45524.9,252
"243",52542.9,260,55454.5,256,47264.7,248
"244",70863.5,264,52378,256,49375.6,248
"245",57242,256,63601.9,260,57085.3,252
"246",59790.1,260,57320.5,260,49332.1,252
"247",57364.5,260,51026.2,260,43406.1,252
"248",55513.4,264,58378,264,54082.1,256
"249",59596.5,260,51713.9,256,45823.3,248
"250",60584.1,252,54071.7,260,50600.1,252
"251",57481.2,260,63610.1,264,56410.5,256
"252",63377.3,264,61989.5,264,58290.4,256
"253",64555,260,63077.7,252,50833.3,244
"254",57351.5,264,49818.4,264,42506.5,256
"255",62401.8,260,63255.1,256,58714.9,248
"256",56972.6,260,60187.2,264,50658.8,256
"257",59367.7,264,60515.4,264,51002.9,256
"258",60872.3,264,55268.2,260,51295.9,252
"259",58310.9,256,57068,260,49921.3,252
"260",54278,260,61074.6,264,55497.7,256
"261",60340.3,256,51408.2,256,46034,248
"262",65149.3,256,53116.1,252,44611.8,244
"263",55888,264,58354.4,256,48860.2,248
"264",60597.5,260,63312.2,260,59417,252
"265",64614.2,260,50415.2,264,43720.1,256
"266",58821.4,260,61302.4,264,53617.7,256
"267",60876.9,260,59316,260,50542.8,252
"268",60765.9,256,55711.9,256,46084.5,248
"269",66914.6,256,65990.3,260,61848.5,252
"270",62912,264,52840.5,260,43990.1,252
"271",51966.2,256,59380,260,54951.7,252
"272",64965.8,256,56681.4,264,48415.1,256
"273",55234.1,256,57197.7,260,51614.6,252
"274",69762.8,260,62602.6,260,57295.6,252
"275",61012,260,60823.7,264,55747.2,256
"276",50678.3,256,60620.1,260,52550.7,252
"277",58853.7,256,59366.1,256,52499.4,248
"278",67803.4,260,62721.8,260,49934.2,252
"279",61398.5,248,50116.4,264,46538.2,256
"280",60715.6,264,56827.8,260,46417.8,252
"281",61859.6,252,57637.9,256,52410,248
"282",70560.4,252,63622.2,256,56359.8,248
"283",62893,264,63829.6,264,56961,256
"284",61325.1,260,50130.8,264,42965.2,256
"285",63079.5,264,59144.1,264,50794.5,256
"286",50660.6,260,62289.9,260,56664.9,252
"287",72371.1,260,62520.8,260,55926.4,252
"288",61388.3,256,57627,260,51190.9,252
"289",58663.7,264,57583.1,264,50477.7,256
"290",54734.3,256,62188.3,264,59409.4,256
"291",53233.2,260,61485,252,56666,244
"292",61376.7,260,52431.2,260,46998.4,252
"293",61002.8,264,58032.8,264,53542,256
"294",52760.2,264,52643.4,264,48414,256
"295",61673.2,256,61649.2,264,55178.6,256
"296",62948,264,58104.4,256,53271.7,248
"297",64328.4,264,57312.8,264,51429.9,256
"298",57506.8,256,54864.3,264,46269.8,256
"299",68827.6,256,62164.4,252,49691.8,244
"300",56740.2,264,57582.6,260,50637.9,252
"301",60742.4,260,55376.5,256,46673.4,248
"302",54528,264,60368.5,252,49676.4,244
"303",56645.1,256,57868.2,260,52075.9,252
"304",60098.1,264,60906.8,260,57358,252
"305",54382.7,256,58513.8,256,54332.9,248
"306",56511.5,252,64099.1,256,57002.8,248
"307",57631,252,63353.5,260,58297.2,252
"308",64721.3,256,60931.1,256,54788.8,248
"309",60326.1,264,57591.6,264,43327.3,256
"310",51805.6,260,53528.1,264,42531.5,256
"311",51898.1,260,52663.7,260,43744.8,252
"312",55290.4,260,57491.8,260,50134.8,252
"313",53947.8,264,63793.7,256,58539.9,248
"314",58430.8,256,52716.7,260,48027.6,252
"315",57785.6,256,60168.2,264,57868.5,256
"316",55757.3,264,56592.6,260,47573.1,252
"317",62647.9,260,56081.6,260,51492.2,252
"318",58540.7,264,57961.8,264,49463.5,256
"319",61792.2,264,55317.9,260,47321.5,252
"320",60997.6,260,56891.6,256,49457.9,248
"321",54216.9,260,65235.4,260,61227.2,252
"322",62980.6,264,63908.4,260,57604.3,252
"323",58017.7,256,59166.9,260,51799.7,252
"324",52899.8,260,64623,256,54136.6,248
"325",56269.1,256,58310.4,264,52278.3,256
"326",59864.8,256,67143.6,264,61608,256
"327",57176.6,256,54700.4,264,43762.5,256
"328",55383.8,264,61539.6,260,53082.9,252
"329",63574.5,260,63355.5,260,56947.3,252
"330",66323.1,260,60298,252,53802.2,244
"331",63573.4,264,58169.2,256,55795.2,248
"332",58088.3,264,50724.7,260,44473.3,252
"333",53570.6,260,53108.2,252,45659,244
"334",60460.9,260,62372.9,260,51523.2,252
"335",66468.2,264,60717.9,260,56779.2,252
"336",64021.4,264,62624.8,264,55024.9,256
"337",63781.1,256,53517.5,264,45683.7,256
"338",45812.6,252,55842.8,264,46074.4,256
"339",50115.9,260,58664.3,264,50253.9,256
"340",68502.6,264,55051.6,260,48015,252
"341",61799.9,264,58646.1,260,50681.1,252
"342",61873.6,264,52736.4,260,43120,252
"343",63285.5,256,48860,256,43506.1,248
"344",60123.8,260,62793.4,264,58852,256
"345",60855,260,63783.1,260,59531.3,252
"346",50171.2,256,56833.2,256,48956.1,248
"347",60351.3,252,58563.2,256,51004.2,248
"348",57532.2,252,56807.5,260,51761.2,252
"349",56970,260,51794.4,260,47872.8,252
"350",51743.3,252,52111.9,264,45526,256
"351",58468.4,256,60799.9,264,55076.8,256
"352",63472.1,260,62007.2,264,60596.4,256
"353",62248.5,264,56962.1,260,49867.7,252
"354",59225.9,264,59609,260,53690.5,252
"355",48959.2,256,63387.5,264,57713,256
"356",62327.5,256,63559.7,260,51051.9,252
"357",56083.7,260,60665.6,260,53851.8,252
"358",62622.2,260,58840.8,264,53353.5,256
"359",54356.8,256,54258.9,260,49876.9,252
"360",62144,260,54276.9,248,48964,240
"361",58635.6,264,61073.9,256,56089.1,248
"362",57820.7,260,61775.1,264,57980.3,256
"363",62063.4,264,57072.1,252,51319.5,244
"364",58004,260,58333.9,260,51793.5,252
"365",49871.7,260,64533.5,264,58218.4,256
"366",62383.6,264,51516,264,46434.5,256
"367",52600,264,61449,260,55038.2,252
"368",65632.2,264,61046.2,264,54812,256
"369",58446.1,264,59623.3,260,53050.8,252
"370",67611.7,260,51173.1,256,46805.1,248
"371",60944,264,59467,260,54522.3,252
"372",61062.5,256,59708.5,260,53177.5,252
"373",55590,256,57266.8,260,50168.9,252
"374",43386.5,252,58604.6,260,55246.6,252
"375",58492.2,256,56494.6,264,47838.3,256
"376",53873.4,264,63300.6,260,55344.8,252
"377",61084.4,264,59465.2,260,47116.1,252
"378",57338.3,260,59254,256,55277.7,248
"379",55573.7,260,60277.7,256,56735.9,248
"380",57859.1,256,57389.9,260,52433.9,252
"381",65525.3,260,58278.1,260,52257.2,252
"382",59360.8,264,61758.4,260,46940.2,252
"383",53312.9,260,65028.4,264,53598.7,256
"384",59669,260,51681.6,260,43128.2,252
"385",57741.7,264,57080.3,256,48622,248
"386",50068.5,248,58955.7,264,50387.3,256
"387",60582.3,260,51981.7,256,49231.5,248
"388",63258.8,260,52087,260,45944.6,252
"389",63683.7,260,55006.8,260,47449,252
"390",59936.9,260,45257.2,260,35976.8,252
"391",58499.2,260,55198.4,260,52737.6,252
"392",55374.3,260,54742.8,260,46916.6,252
"393",49203,256,58941.4,260,50823.6,252
"394",64277.3,260,60476.4,264,54953,256
"395",60989,260,59499.9,260,54638.4,252
"396",66233.7,264,57643.1,264,48150.8,256
"397",49825.4,260,60924.6,256,53460.3,248
"398",57325.2,256,57804.2,260,52430.4,252
"399",57551.4,260,52357.3,264,47164.5,256
"400",56660.9,260,54898.6,260,47348.8,252
"401",58135.6,264,54090.1,260,44258.6,252
"402",63630.7,260,55679,260,49798.3,252
"403",57082.5,264,52684,256,44311.3,248
"404",51164.6,252,53889.7,260,47586.6,252
"405",62124.6,260,59778.2,260,55657.1,252
"406",63016,264,59221,256,53361.8,248
"407",65051.8,256,59673.2,264,54822.2,256
"408",63504.7,264,54699.8,260,42228.1,252
"409",52775.4,252,48053.5,256,40176.9,248
"410",65240.4,256,61238.9,256,52269.6,248
"411",65345.1,260,54842.7,260,47087.1,252
"412",58042.6,256,53603.3,264,46969.7,256
"413",59643.6,264,56441.1,252,52420.3,244
"414",55923.1,256,61642.8,256,53332,248
"415",49376,264,53895,260,44141.2,252
"416",66196.1,264,52962.2,256,47000.4,248
"417",61890.9,252,57137.6,260,48747.4,252
"418",70099.1,260,58194.7,260,48081.1,252
"419",56398,260,51715.5,260,50328.3,252
"420",64325.3,252,59529.5,252,52221.4,244
"421",62247.5,260,62004.3,264,54319.5,256
"422",54809.6,256,60179.7,260,53337.9,252
"423",62692.8,256,57906,252,49071,244
"424",55204.2,256,53185.5,260,42145.2,252
"425",47811.2,260,60418.3,256,53468.6,248
"426",56576.7,252,50052.4,256,43025.9,248
"427",59741.5,264,61824,264,54946.6,256
"428",69537.6,264,59580.8,256,57039.8,248
"429",58647.3,264,55925.9,260,52073.9,252
"430",54471.2,264,59906.5,260,57994.1,252
"431",50225.8,256,60132.7,260,54252.5,252
"432",57003.5,260,62927,256,51566.9,248
"433",50246.1,260,58174.6,260,53857.9,252
"434",50531.8,260,60929,252,54260,244
"435",54286.8,264,51847.2,260,47591.6,252
"436",51274.7,256,62553.1,264,48625.6,256
"437",58617.9,260,63045.5,260,55661.9,252
"438",50674.3,260,61680.5,260,55152.8,252
"439",49734.6,260,56952.2,260,53273.8,252
"440",61988.4,260,62887.8,260,57457.7,252
"441",48848.1,260,59489.3,256,50978.7,248
"442",63349,256,57754.4,260,48729.1,252
"443",63328.3,264,58597.9,256,50629.4,248
"444",55428.8,256,52324.5,260,39163.8,252
"445",62379.2,256,62486.8,256,54942.9,248
"446",62459.8,260,59457.8,264,54659.3,256
"447",59619.1,252,54810.8,264,42282.4,256
"448",58610.5,260,57094.3,260,48559.5,252
"449",63589.8,264,56572.8,248,47386.1,240
"450",66475.2,260,54383.2,256,47340.4,248
"451",61095.2,264,58828.4,260,50637.1,252
"452",68247.7,264,55482.6,264,48003.5,256
"453",61557.2,260,62863.2,260,57288.5,252
"454",60991.9,260,59819.8,256,55509,248
"455",54213.2,260,55952,256,50630.4,248
"456",72374.7,260,54085,252,48496.6,244
"457",63100.8,260,58943.8,260,52159.8,252
"458",60063.8,264,56661.3,256,49664.9,248
"459",58484.7,260,55114.8,256,46107.3,248
"460",56659.7,260,60002.9,260,46880.3,252
"461",53494.6,260,55758.5,260,49118.9,252
"462",60443.5,260,48199.7,264,41406.1,256
"463",56115.4,260,61486.5,260,58393,252
"464",62282.6,256,60743.5,252,58158.3,244
"465",57522.2,252,60531.9,260,49439.3,252
"466",61587.7,260,63983.2,260,53623.7,252
"467",51849.7,264,64462.2,260,56895.6,252
"468",61699.2,256,58920.6,256,49127.2,248
"469",55115.8,260,63898.3,260,52298.7,252
"470",49210.5,256,59855,256,54375.5,248
"471",54641.8,260,56101.8,260,46242.3,252
"472",62662.1,260,61163.8,256,52957.2,248
"473",63872.6,260,53245.1,256,47551.7,248
"474",54227.4,260,63804,260,54529.4,252
"475",54162.3,256,59635.7,260,52905.4,252
"476",61853.5,264,58474.9,260,51670.7,252
"477",56951.5,264,60340.2,256,56933.1,248
"478",60233.7,260,63281.1,248,59249.4,240
"479",65405.6,260,65634,260,61332.6,252
"480",60770.2,260,60936.6,260,54634,252
"481",58116.9,264,60483.1,256,53780.4,248
"482",52048.6,264,58090.9,260,49114.8,252
"483",58742.9,260,61376.2,260,57382.1,252
"484",47969.4,264,55334.7,264,51097,256
"485",57306.3,260,59648,260,52137.9,252
"486",66952.1,256,66126.3,264,58841,256
"487",64287.9,256,52328.2,264,47710.1,256
"488",56120.5,252,60420.3,264,53547.5,256
"489",50461.7,264,59992,256,52460.8,248
"490",61378.1,260,54505.6,260,51853.8,252
"491",63268.5,264,58755.5,260,50591.4,252
"492",56244.1,256,62423.1,260,53188.3,252
"493",55208.6,260,62434.2,264,57469,256
"494",55341,260,58813.1,264,51462.4,256
"495",56620.8,260,59448.8,260,52120.3,252
"496",53851,256,62869.9,264,54833.3,256
"497",68530.3,264,60563.6,256,52499.7,248
"498",61610.8,264,65977.6,260,64435,252
"499",62892,264,54546.9,264,44442.3,256
"500",53214,260,61878.7,260,54462.4,252
"501",57021.7,260,60876.5,260,48891.1,252
"502",64196,256,60659.3,260,54067.4,252
"503",61129.7,264,58130.8,256,52121.5,248
"504",65181.5,260,65356.2,264,60358.6,256
"505",59646.4,256,63861.5,260,54059.5,252
"506",65133.7,260,60337.2,252,53642.5,244
"507",54632.8,260,59414,264,47817.1,256
"508",63450.3,260,61972.4,264,54451,256
"509",67565.7,260,57771,260,50378.5,252
"510",61768.1,260,54824.6,252,48137.7,244
"511",57128.5,256,53688.2,260,46533.3,252
"512",58814,264,57600,260,50225.5,252
"513",64525.4,260,64864.5,264,56320.8,256
"514",56471,260,55362.4,264,46141.2,256
"515",53560.8,256,54139.3,264,48924,256
"516",61591.5,264,60447.4,260,56387.5,252
"517",46887.3,260,58327.1,264,53127,256
"518",45783,264,61231.8,256,54178,248
"519",60921.6,260,53339.8,260,47664,252
"520",67091.1,260,54392.8,260,49827.9,252
"521",60820.5,252,62016.6,260,58791.3,252
"522",48183.3,264,59881.1,256,48377.1,248
"523",49086.7,256,63826.7,260,55476.9,252
"524",62469,260,53415.4,256,44476.5,248
"525",52639.7,264,64710,260,60702.5,252
"526",64957.6,256,63360.9,264,60082.3,256
"527",55054.3,256,53194.2,264,46539.2,256
"528",56023.6,264,64469.5,260,58287.4,252
"529",59689.9,260,57515.2,256,52791.5,248
"530",68149.5,260,50233.7,260,47071.2,252
"531",50184.4,260,56112,256,50406.6,248
"532",59330.5,256,57037.6,264,50288.2,256
"533",58171,260,58734.1,260,52223.6,252
"534",59840.5,260,60147.4,256,54359.6,248
"535",49867.1,256,63188.7,256,57527.5,248
"536",62609.4,256,64060,256,61410.3,248
"537",54116.5,260,56245.6,256,48652.4,248
"538",54901.8,256,56276.7,264,49550,256
"539",68756.7,264,57348,260,50270.8,252
"540",64510.5,260,57667.3,260,50964.2,252
"541",62562.9,256,61614.6,260,50900.6,252
"542",60752.4,260,65398.2,260,56216.1,252
"543",65223.9,260,57914.2,260,49717.1,252
"544",59260.5,264,64127.7,260,54292.2,252
"545",61859.6,260,62480.4,260,56004.7,252
"546",53413.1,264,57184.8,264,51063.8,256
"547",64760.8,264,57567.4,260,47681.6,252
"548",60585.3,256,53970.1,248,44255.4,240
"549",55121.7,264,58327.8,252,50408.8,244
"550",57545.5,256,56466.4,264,50319.1,256
"551",58460.1,260,56289.9,264,49595.7,256
"552",59311.6,260,57741.9,260,52289.2,252
"553",55410.5,260,63036.9,260,60264.5,252
"554",63452.9,264,64909.4,264,58975,256
"555",61596.1,260,56021.7,264,49132.1,256
"556",48605.9,260,61501.5,256,52906.5,248
"557",51985.5,260,57049.7,260,51209.8,252
"558",54697.2,256,63738.5,260,60468.4,252
"559",56339.9,264,66031.5,264,61417.7,256
"560",64871.4,256,49999.8,256,43042.7,248
"561",54067.1,264,57163.8,260,50246.3,252
"562",54551.1,256,60502.8,260,57184.9,252
"563",55203.6,256,46423.2,260,41454.1,252
"564",61974.6,260,64055.7,260,60570.3,252
"565",58228.4,264,60590,264,54535,256
"566",57740.2,264,60398.4,260,51552.2,252
"567",60462,256,62167.7,256,56988.4,248
"568",56982.2,256,50940.9,260,46044.5,252
"569",58294.8,264,64053.1,260,54971.9,252
"570",65192.7,260,56854,256,51655.4,248
"571",64604.4,264,53915.3,264,46372.4,256
"572",48689.2,264,62594.3,264,51692.7,256
"573",61083.4,264,62055,264,57491.8,256
"574",58170.1,260,49553.6,264,43125.8,256
"575",59132.2,264,55097.6,264,44351.3,256
"576",66572.6,256,59427.5,260,51609.6,252
"577",58978.8,260,60761.4,260,54535.2,252
"578",69985.8,260,62221.1,260,54901.6,252
"579",55178.8,260,58303.4,256,47705.5,248
"580",64845.6,260,59894.9,264,52162.3,256
"581",62812.7,252,58061.3,264,50930.7,256
"582",62677.2,260,57087.2,248,52640.4,240
"583",51659.9,264,58162.6,264,52943.3,256
"584",61277.8,260,60194.5,264,53028.3,256
"585",63950,264,54685.1,260,49271,252
"586",55865.9,252,65435.4,264,59889.7,256
"587",58671,264,55344.7,260,50565,252
"588",51908.2,256,61403.4,260,55107.4,252
"589",53473.5,260,55799.5,264,47964.9,256
"590",68628.7,256,61163.5,260,50962.7,252
"591",63026.1,260,54872,252,49519.1,244
"592",63892.4,260,65899,260,64301.6,252
"593",57674.3,252,57325.8,256,51831.7,248
"594",60701.7,264,61527.3,256,55233.7,248
"595",60372.3,260,60013.2,264,53736.1,256
"596",62482.7,256,58856.4,260,50619.4,252
"597",64609,264,61170.7,256,57454.1,248
"598",58814.5,256,60659.7,264,49094,256
"599",72865.7,264,60270.1,260,51845.7,252
"600",54122.4,256,59181.4,264,51660,256
"601",50941.5,264,62295.9,260,59682,252
"602",64508.2,260,58682.9,260,51753.4,252
"603",68633.3,260,61670.3,264,54575.6,256
"604",55767.1,264,58578,264,50710.4,256
"605",66687,264,61753.4,264,52580.7,256
"606",69235.7,264,60527.4,260,54292,252
"607",56742.5,264,63264.1,264,55343.8,256
"608",54748,256,58199.4,260,46555.1,252
"609",61745.4,256,56384.5,256,53534.4,248
"610",52965.9,264,61030,256,51208.4,248
"611",56691.4,260,60132.3,260,57047,252
"612",65880.3,260,62782.4,260,58247.4,252
"613",65167.1,260,54778.1,260,44834,252
"614",64390.6,260,63033.7,264,51932.9,256
"615",58573.4,260,48315.4,264,44315.3,256
"616",64201.7,260,57910.4,260,49897.5,252
"617",57125.2,260,58968.7,256,49147.5,248
"618",61425.5,256,60294,256,48406.5,248
"619",62827.5,264,63609.3,252,61522.1,244
"620",66914.1,260,63196.4,256,56067,248
"621",65095.3,264,60370.8,252,48869.3,244
"622",59737.4,260,59016.4,260,51873.7,252
"623",63998.4,256,59016.2,260,54387.3,252
"624",52353.8,260,60734.3,264,54397.8,256
"625",54650.7,264,61266,260,54126.1,252
"626",66746.6,264,65852.3,264,63622.5,256
"627",59317.8,264,57109.2,260,53661,252
"628",68320.4,260,61741.2,264,56350,256
"629",61458.8,264,52110.9,264,42441,256
"630",59172.4,260,57534.5,264,48825.5,256
"631",52444.1,264,52118.3,260,49163.9,252
"632",60948.3,264,64455.5,260,63418.5,252
"633",60667.5,264,50198.6,264,43876.4,256
"634",58434.6,264,52196.8,260,48858,252
"635",63051.6,256,64712.3,264,58213.2,256
"636",62527.9,260,59203.2,252,53104.2,244
"637",59729,252,58759.6,264,52069.2,256
"638",54580.5,256,55046.6,256,45749.8,248
"639",62193.2,264,62221.8,256,52814.5,248
"640",62468.7,260,65145.9,256,58414.3,248
"641",53566.3,264,64231.5,264,60864,256
"642",63513.8,260,63488.6,256,56386.4,248
"643",67838.8,256,61756.5,260,56789.8,252
"644",58025,256,61029.6,260,52782.3,252
"645",67867.6,256,56344.7,252,42625.6,244
"646",62549.6,260,59751.2,260,50597.7,252
"647",65680.8,264,55287.7,264,50947.4,256
"648",63534.3,264,53171.4,264,48171.8,256
"649",58977.7,264,57163.3,264,50766.7,256
"650",55676.9,264,54318.7,260,50569.3,252
"651",60198.9,260,52111.3,260,48885.6,252
"652",56084.4,264,57133.5,256,53017.9,248
"653",54499.1,260,61907.7,264,58571.7,256
"654",59476.6,256,53707.7,264,47687.2,256
"655",58601.2,264,64462.8,260,54339.5,252
"656",56257.4,264,54263.1,264,46170.1,256
"657",63559.6,260,54955.5,260,49905.4,252
"658",66225.7,260,63700.3,264,56906.5,256
"659",63925.3,260,48858.2,264,38525.7,256
"660",63767.5,252,58719.1,260,50508.2,252
"661",58505.7,264,54484.4,260,45358.9,252
"662",59689.6,256,60109.5,252,51250.9,244
"663",60195.1,264,57969.4,260,53033.7,252
"664",55894.2,260,59069.3,260,49460,252
"665",52050,260,62835.9,260,56800.5,252
"666",66448.1,252,66214.1,256,62466.1,248
"667",64657.4,260,64503.7,260,60939.5,252
"668",53751.6,260,60094,264,51640.7,256
"669",57429.2,260,56591.7,256,51251,248
"670",63062.6,260,63777.4,264,53980.5,256
"671",57755,264,52936.6,260,45057.5,252
"672",51356.7,260,59480.2,260,49850.6,252
"673",49886.8,264,57949.5,264,50739,256
"674",61347.2,260,60089.5,260,53378.1,252
"675",61090.2,260,63691.9,260,55945.4,252
"676",62990.6,260,61945.7,256,57450.4,248
"677",54399,256,58824.1,260,46730.9,252
"678",52056.2,256,55186,256,49331.1,248
"679",54634.8,264,61795.3,260,51519.7,252
"680",60590.5,260,54133.2,260,49038.9,252
"681",54889.8,256,58421.3,264,52691.7,256
"682",61018.3,252,67665.8,260,61736.6,252
"683",54947.2,256,60885.9,264,53252.1,256
"684",53390.5,256,60974.5,260,52130.7,252
"685",68470.4,260,53017,260,48561,252
"686",59153.2,264,50134.4,260,47029.8,252
"687",67816.1,256,64805.1,260,59703.1,252
"688",52837.5,260,53115.8,256,47164.8,248
"689",60751.3,260,57284.4,256,50654.1,248
"690",58710.3,260,56040.9,260,51538.8,252
"691",55372.9,264,56718.2,256,50765.3,248
"692",62218.7,264,63690.4,264,57937.1,256
"693",52030.5,260,62059.5,256,55361.2,248
"694",55306.7,260,62291.5,256,56572.4,248
"695",58373.6,260,63474.4,260,55585.9,252
"696",65104.9,264,68135,256,58347.3,248
"697",48798.6,264,57707.7,264,52310.3,256
"698",56133.4,256,60671,264,52521.2,256
"699",65429.5,260,50304.2,264,41820.8,256
"700",64148.5,260,54387.5,264,47279.5,256
"701",49148.7,260,50589.8,260,40437.9,252
"702",60174,260,58320.9,260,53174.8,252
"703",61054.2,264,59105.7,260,50926,252
"704",62105.4,260,59570.9,264,53318.7,256
"705",66809.1,260,59543.9,264,55315.1,256
"706",68370.4,264,58606.9,260,53341.9,252
"707",57250.2,260,57876.8,260,46812.6,252
"708",59907.6,260,57448.5,264,50600.5,256
"709",62830.9,264,51406.1,256,48292.9,248
"710",56499.4,260,55818.8,256,48026.6,248
"711",62051.9,260,60551.1,260,55558.7,252
"712",65356,260,53027.2,256,44027.4,248
"713",62036.4,260,62693.2,256,52742.4,248
"714",61589.1,260,61782.5,264,55861.3,256
"715",67260.9,252,66818.3,256,61309.2,248
"716",44221.4,260,51674.8,260,44563.9,252
"717",55011.1,264,60298.8,256,52439,248
"718",65400.5,252,62473.6,264,56262.6,256
"719",52976,256,55155.1,252,47963.5,244
"720",56340.8,264,65192.4,256,55743.1,248
"721",66025.8,264,59432.8,260,46844.5,252
"722",62737.7,260,61930.3,260,53976,252
"723",56889.3,260,57668.5,264,47802.3,256
"724",64642.2,260,57766.9,256,53400.1,248
"725",61166.9,260,62426.5,256,53895.6,248
"726",53790.2,260,61779.7,260,51962.8,252
"727",57506,260,60314.8,260,52599.8,252
"728",55866.2,260,61112.4,256,54221.9,248
"729",59380.6,256,60735.6,256,57184.4,248
"730",54513.3,264,53866.5,264,45151.9,256
"731",67303.7,260,61501.7,260,52912.1,252
"732",55288.1,264,58185.3,260,48593.8,252
"733",67938.5,264,60483,260,52089,252
"734",50362.2,264,58218.7,264,48870.1,256
"735",54249.1,248,60751,260,54551.6,252
"736",63620.1,256,58206.8,260,53005.6,252
"737",47297,252,63953.8,260,57160.5,252
"738",51712,252,61560.9,260,54159.7,252
"739",62904.7,260,57513.4,260,51094.9,252
"740",56945,256,54965.4,256,48167.9,248
"741",52253.2,260,59277.3,260,51652.7,252
"742",48381.1,256,62543.1,264,52663.9,256
"743",53452,256,56838.4,256,52666.7,248
"744",58600.1,252,59204.1,256,53104.6,248
"745",63519.4,264,63358.6,260,56929,252
"746",56556,260,51327.1,260,45772,252
"747",58477,260,65948.4,252,57250,244
"748",57827.4,256,61261.6,264,53914.9,256
"749",62946.5,264,62971.4,256,55875.5,248
"750",58028,256,62352.7,256,53835.9,248
"751",60554.3,260,54135.1,260,48302.6,252
"752",57867.1,256,47383.1,260,40712,252
"753",66556.6,260,64150.3,256,52959.4,248
"754",63384.6,264,61389.5,260,53978.5,252
"755",62311,264,61749.5,256,56066.7,248
"756",61061.5,264,65179.6,256,57462.5,248
"757",51101.1,264,65138.3,260,60239.9,252
"758",46502.3,256,57427.7,252,52418.2,244
"759",60749.3,264,51400.6,260,45049.8,252
"760",61708.7,260,53888.7,256,49219.2,248
"761",61279.4,260,57400.9,256,52291.4,248
"762",56635.1,260,60784.7,260,52814.5,252
"763",55269.9,260,52255.5,260,48489,252
"764",49424.3,260,63323,264,55151.6,256
"765",62046.6,260,65223.1,260,54780.5,252
"766",60378.3,260,58663.8,248,49634.4,240
"767",54725.7,264,61641.8,264,47115.2,256
"768",60192.6,264,61632.6,264,53967.2,256
"769",68190.6,252,53186.2,256,47473.4,248
"770",55827.2,260,59512.6,260,51182.8,252
"771",63848.6,264,63193.1,260,57585.4,252
"772",54139.1,256,54455.4,252,51682.3,244
"773",49131.9,260,56750.8,256,51550.4,248
"774",63075.2,260,61486.4,264,56244.3,256
"775",61053.4,260,53330.4,264,43923.9,256
"776",63154.3,260,65738.9,256,59684.4,248
"777",61289.3,252,57826.5,264,52022.7,256
"778",55253.6,260,58369,256,49929.3,248
"779",60380.3,256,57440.7,264,49731.6,256
"780",63138.4,260,65058.2,260,57623.6,252
"781",67693.1,260,54770.4,264,48251.4,256
"782",61372.2,264,50931.9,260,46264,252
"783",53155.8,260,53403.6,260,45602.9,252
"784",56789,260,55698,260,50131.5,252
"785",64827.1,260,59303.3,264,51575.5,256
"786",58938.5,260,65946.9,260,61231.6,252
"787",51333.3,260,61653.1,260,54611.6,252
"788",67880.9,260,56098,256,52751.1,248
"789",60066,260,51581.5,260,47857.7,252
"790",61566.3,264,64354.1,252,51083.4,244
"791",60903.9,260,65386.6,256,60016.8,248
"792",62808.4,256,55255.8,260,47507.5,252
"793",52656.8,260,60447.9,260,57956.9,252
"794",70083.9,260,52864.3,264,42994.8,256
"795",64261.1,256,58503.9,260,47218.4,252
"796",62036.6,260,62836.3,244,57122.7,236
"797",64485.8,260,60610.6,260,55141.4,252
"798",60878.8,256,63898.8,264,56507.5,256
"799",60301.8,264,56554.6,256,48385.8,248
"800",55351.7,264,60079.3,256,53683.2,248
"801",63982.6,260,62863.1,260,55084.7,252
"802",50881.4,260,56919.1,256,44280.9,248
"803",68189.9,256,56902.1,264,50594.5,256
"804",63724.3,264,57781.2,264,48539.5,256
"805",66460.5,264,60983,252,51291,244
"806",60697.4,256,54340.7,260,49232,252
"807",61965.8,264,58275.8,264,51879.9,256
"808",62254.9,260,53729.7,260,44762.7,252
"809",58467.3,260,59701.8,256,54680.9,248
"810",55645.3,260,57817.6,260,48972.3,252
"811",58796.7,256,59439.8,260,54158,252
"812",58518.7,256,59209.1,264,53004.1,256
"813",56799.7,260,61272.9,256,53584.4,248
"814",57092.2,248,63147.5,260,59691.2,252
"815",58961.3,260,62659.7,260,59012,252
"816",58783.9,256,56856.8,264,51784.4,256
"817",54771.4,260,55315.2,260,48955,252
"818",59108.5,260,67919,256,58022.7,248
"819",61069.6,256,59905.9,252,53391.7,244
"820",65497.7,264,60004.6,260,56859.5,252
"821",52202.2,256,57658,264,52651.1,256
"822",49270.8,256,57799.9,264,49766.4,256
"823",60165.2,260,57431.8,256,52535.1,248
"824",51783,256,60356.5,260,57086.5,252
"825",60468.4,260,59135.7,256,48595.4,248
"826",55940.3,260,58614.6,264,48804.4,256
"827",57431.1,256,62936.7,260,53087.3,252
"828",62120.2,264,56861.4,260,48129.5,252
"829",54423,264,62969.7,264,55883.5,256
"830",60820,264,54806.4,252,50371.9,244
"831",58235.1,256,64394.9,260,61261.7,252
"832",62726.7,252,63454.4,256,60168.7,248
"833",67865.6,252,60667.7,260,58160.3,252
"834",55313.4,256,59207.7,260,51761.7,252
"835",58675,256,62091.1,264,55341.7,256
"836",56918.3,256,56529.5,260,49752.9,252
"837",58284.7,256,64804.2,260,57544.8,252
"838",58380.9,264,54561.1,256,46251.7,248
"839",60140.6,260,53313.9,260,47025.3,252
"840",58958.7,260,57707.3,264,48371,256
"841",55043.4,264,56852.5,260,50279.4,252
"842",61253.7,260,56149.7,264,51558.9,256
"843",61406.1,256,51499,260,46883.2,252
"844",61713.6,260,60868.1,256,57693.6,248
"845",55515.1,256,62293.5,260,56058,252
"846",54916.9,260,54425.8,264,47132.3,256
"847",52191.7,256,63392.8,260,59667.5,252
"848",65277.8,256,62037.8,264,55514.4,256
"849",57580.1,260,59425.5,260,50792.6,252
"850",62684.9,252,59264.4,264,55708,256
"851",61378.1,260,59235,260,51647.6,252
"852",62582.5,260,59287,256,51077.7,248
"853",54723,260,60180.3,252,51853.6,244
"854",56455.3,260,59630.4,256,48835.9,248
"855",63770.1,260,65280.4,264,60147.9,256
"856",66011.7,264,56635.4,264,50005.9,256
"857",59236.3,264,62626.8,264,55593.6,256
"858",64520.7,260,59737.5,260,52006.6,252
"859",61515.5,256,63170.7,260,57765.2,252
"860",62147.8,264,51885.1,260,46105.6,252
"861",54395.5,264,57669.5,260,50760.2,252
"862",57112.1,264,61479.2,264,57132.5,256
"863",48467.9,260,63707,260,52993.5,252
"864",55685.6,260,61519,256,56955.1,248
"865",64019.7,260,61209.9,260,56236.1,252
"866",59552.8,256,50767,256,45294.1,248
"867",53461.9,256,55770.2,256,46382.1,248
"868",56771.7,260,59519.2,256,54643.7,248
"869",59436.3,260,60285.6,256,53090.6,248
"870",68110.1,264,56813.5,264,47393.8,256
"871",69702.2,260,55994.1,264,49494.4,256
"872",65095.1,256,61215.9,264,52198.1,256
"873",63343.1,264,56584.6,264,50276.4,256
"874",62097.3,252,52286.2,260,47376.1,252
"875",57991.3,260,65276.5,260,61140.6,252
"876",56673.5,264,61297.7,260,55434.2,252
"877",55469.6,256,65488.3,260,58078.8,252
"878",58600.1,260,57563.6,260,50264.4,252
"879",63003,256,62199.3,260,55829.3,252
"880",63369.6,248,59676,260,52866.9,252
"881",65484.1,260,63073.6,260,54294.2,252
"882",46518.6,256,61692.2,260,52388.8,252
"883",58465.6,264,58826.2,264,50317.3,256
"884",48762.9,256,55081.4,264,47888.7,256
"885",59319.5,252,62742.1,264,55564.7,256
"886",66151.4,260,54859.1,260,50174.7,252
"887",48298.1,260,60976,264,55608.6,256
"888",65382.4,260,56483.5,252,52245.1,244
"889",56919.1,260,60433.8,260,55592.1,252
"890",62860.3,264,63654.3,256,61047.1,248
"891",55990.6,252,55287.9,264,48215,256
"892",52764.1,260,61284.1,260,50837.1,252
"893",57635.6,252,54642.4,260,45258.5,252
"894",62015.9,256,63652.8,260,57712.1,252
"895",56820.1,260,61401.8,260,53397.5,252
"896",57393.5,260,61399.2,260,58421.3,252
"897",56620,260,54973,256,46885,248
"898",57609.9,264,55174.2,260,48651,252
"899",59957.1,264,59353.6,260,53255.1,252
"900",50363.8,256,56514.3,256,51522.6,248
"901",56644.2,264,59472.3,260,55621.9,252
"902",62824.3,260,63960.1,264,58640.9,256
"903",66192.1,256,64594.9,252,56786.8,244
"904",61952.6,260,52686.4,260,44291.2,252
"905",53675.4,260,58672.7,260,50508.3,252
"906",67235.2,252,60987.6,264,57642,256
"907",66716.4,260,64318.3,256,56072.4,248
"908",59363.5,260,53470.2,264,47122,256
"909",65889.1,260,54462.8,260,43485.9,252
"910",60847.1,260,60124.1,264,56124.9,256
"911",48073,260,61907.3,264,50692.5,256
"912",62318.6,264,63591.7,264,58535.9,256
"913",64526,264,64522.4,264,57156.9,256
"914",59400.5,256,54759.1,256,51230.3,248
"915",59860.4,260,51342.9,260,47164,252
"916",65305.1,260,58060.6,260,54226.4,252
"917",53907.9,260,62076.1,256,54143.9,248
"918",58066.1,260,50433.7,260,39631.4,252
"919",57768.8,264,55622.1,256,52565.8,248
"920",55361.7,264,60383.4,264,52117.1,256
"921",62118.4,260,65265,264,61104.3,256
"922",59104.8,260,63226.3,260,56327.5,252
"923",58483.3,260,60626.9,256,58169.3,248
"924",52716.9,260,59633.6,260,48645.7,252
"925",59831.4,264,58188.2,260,51200.5,252
"926",52235.2,260,56821.1,260,48022.2,252
"927",55328.3,264,64385.4,264,56511,256
"928",63213.2,256,57799.7,264,48440.2,256
"929",67717.6,256,49642.5,260,44716.7,252
"930",55521.6,260,55017.8,264,45769.6,256
"931",51215.9,256,61005.1,264,51340.9,256
"932",53031.7,264,63683,264,57664.2,256
"933",61737.8,260,57072.6,260,49436.3,252
"934",62687.1,260,60299.8,256,53011.6,248
"935",63656.7,260,60169.1,260,57338.6,252
"936",52464.5,260,63595.7,260,56070.2,252
"937",58960.7,256,63148.8,256,57039.8,248
"938",57901.7,260,64239.7,264,56195.6,256
"939",64185.5,264,65140.4,260,56362.5,252
"940",51860.3,260,56378.1,260,48832.3,252
"941",46824.3,260,67398.9,252,58979.1,244
"942",69019.8,260,58615.2,260,52690.3,252
"943",56647.5,256,46203.6,252,41298.9,244
"944",56438.2,260,60164.4,260,53970,252
"945",51027.8,256,56349.3,256,49417.9,248
"946",60051.5,260,61094.6,260,56705.1,252
"947",65581.5,260,61233.6,264,56762.3,256
"948",60425.9,260,58295.2,260,50480.7,252
"949",57490.3,260,52068.6,260,47556.8,252
"950",57570.8,260,55214.3,264,48138.3,256
"951",66407.2,260,62458.7,264,57464.4,256
"952",64753.4,260,61908.8,260,59448.2,252
"953",63157.3,264,62668.2,256,55673.5,248
"954",67529,260,65131.8,260,60189.5,252
"955",60461.1,252,50488,260,42813,252
"956",58521.3,260,60405.1,264,55411,256
"957",64637.9,260,62276.4,264,58885.4,256
"958",54335.8,264,64719.9,264,59246.5,256
"959",60476,252,53140.2,260,48859.5,252
"960",65983.2,260,60171.9,260,55567.2,252
"961",60700.7,260,67077.5,256,57768.9,248
"962",65917.2,260,58736.1,264,52908.8,256
"963",55494.8,260,58355.5,264,48080,256
"964",62446.2,264,59677.7,260,52675.7,252
"965",55903.9,260,65163.4,260,61353.6,252
"966",67309.8,256,61396.1,252,54354.2,244
"967",55230.7,264,58446.3,260,52353.6,252
"968",50415.5,260,60303.6,264,52924.2,256
"969",58186.4,256,66719.3,264,61978.8,256
"970",54529,260,62488.8,260,55253.6,252
"971",57258.1,260,64664.9,252,52817.5,244
"972",57349.4,256,58686.9,264,50565.8,256
"973",48387.7,256,54017.7,260,49268.5,252
"974",54334.4,256,58415.1,264,50016.2,256
"975",54521.6,260,63852.3,260,56783.9,252
"976",60014.8,264,53898.9,264,48235.2,256
"977",60010.3,260,58808.5,264,54679.2,256
"978",56437.4,256,63158.2,256,55573.7,248
"979",58803.2,260,60251,260,51910.1,252
"980",53268.6,260,62129.3,260,58244.7,252
"981",55521,260,60234.4,260,55797.5,252
"982",67398.5,264,50512.4,256,46629,248
"983",63314.2,264,63741.3,260,53913.9,252
"984",62535.8,264,52227.7,256,44153.1,248
"985",65748.7,260,63606.2,264,57529.1,256
"986",63234.9,252,61432.4,260,53752.5,252
"987",55982.7,256,61966.4,264,58447.7,256
"988",63092.9,260,62841.8,264,53636.2,256
"989",69801.4,252,59427.8,256,54520.5,248
"990",48031.3,260,62112.2,256,51749.5,248
"991",59872.8,260,60568.3,260,54311.1,252
"992",54529.7,256,63469.2,264,56377.6,256
"993",59372.5,256,63791.5,264,57908.3,256
"994",62804.9,260,65341.5,252,54669.4,244
"995",66212.8,260,62044.2,264,58846.5,256
"996",56997.4,264,52728.6,256,45898.5,248
"997",61051,260,58359.1,260,48864.5,252
"998",55402.5,256,61559.3,260,55757.1,252
"999",52368.8,260,52186.8,260,44707.8,252
"1000",62968,248,54539.1,264,48591.5,256
